-- Sample Data Inserts for ChefAI Database (with valid hex UUIDs)
-- NOTE: For local/dev usage. Adjust for production compliance.

-- ===============================
-- USERS
-- ===============================
INSERT INTO users (uuid, user_name, display_name, email, password_hash, avatar_url, created_at, updated_at) VALUES
  ('10000000-0000-0000-0000-000000000001','alice','Alice','alice@example.com','hash1','https://example.com/av1.png',now(),now()),
  ('10000000-0000-0000-0000-000000000002','bob','Bob','bob@example.com','hash2','https://example.com/av2.png',now(),now()),
  ('10000000-0000-0000-0000-000000000003','carol','Carol','carol@example.com','hash3','https://example.com/av3.png',now(),now()),
  ('10000000-0000-0000-0000-000000000004','dave','Dave','dave@example.com','hash4','https://example.com/av4.png',now(),now()),
  ('10000000-0000-0000-0000-000000000005','eve','Eve','eve@example.com','hash5','https://example.com/av5.png',now(),now()),
  ('10000000-0000-0000-0000-000000000006','frank','Frank','frank@example.com','hash6','https://example.com/av6.png',now(),now()),
  ('10000000-0000-0000-0000-000000000007','grace','Grace','grace@example.com','hash7','https://example.com/av7.png',now(),now()),
  ('10000000-0000-0000-0000-000000000008','harry','Harry','harry@example.com','hash8','https://example.com/av8.png',now(),now()),
  ('10000000-0000-0000-0000-000000000009','ivy','Ivy','ivy@example.com','hash9','https://example.com/av9.png',now(),now()),
  ('10000000-0000-0000-0000-00000000000a','judy','Judy','judy@example.com','hash10','https://example.com/av10.png',now(),now());

-- ===============================
-- ALLERGENS
-- ===============================
INSERT INTO allergens (uuid, display_name, updated_at, deleted_at, server_updated_at) VALUES
  ('20000000-0000-0000-0000-000000000001', 'Peanuts', 1, NULL, now()),
  ('20000000-0000-0000-0000-000000000002', 'Soy', 2, NULL, now()),
  ('20000000-0000-0000-0000-000000000003', 'Dairy', 3, NULL, now()),
  ('20000000-0000-0000-0000-000000000004', 'Gluten', 4, NULL, now()),
  ('20000000-0000-0000-0000-000000000005', 'Eggs', 5, NULL, now()),
  ('20000000-0000-0000-0000-000000000006', 'Fish', 6, NULL, now()),
  ('20000000-0000-0000-0000-000000000007', 'Shellfish', 7, NULL, now()),
  ('20000000-0000-0000-0000-000000000008', 'Tree nuts', 8, NULL, now()),
  ('20000000-0000-0000-0000-000000000009', 'Sesame', 9, NULL, now()),
  ('20000000-0000-0000-0000-00000000000a', 'Mustard', 10, NULL, now());

-- ===============================
-- SOURCE_CLASSIFICATIONS
-- ===============================
INSERT INTO source_classifications (uuid, category, subcategory, updated_at, deleted_at, server_updated_at) VALUES
  ('30000000-0000-0000-0000-000000000001', 'Vegetable', 'Root', 1, NULL, now()),
  ('30000000-0000-0000-0000-000000000002', 'Vegetable', 'Leafy', 2, NULL, now()),
  ('30000000-0000-0000-0000-000000000003', 'Fruit', NULL, 3, NULL, now()),
  ('30000000-0000-0000-0000-000000000004', 'Grain', 'Whole', 4, NULL, now()),
  ('30000000-0000-0000-0000-000000000005', 'Dairy', 'Milk', 5, NULL, now()),
  ('30000000-0000-0000-0000-000000000006', 'Meat', 'Red', 6, NULL, now()),
  ('30000000-0000-0000-0000-000000000007', 'Meat', 'White', 7, NULL, now()),
  ('30000000-0000-0000-0000-000000000008', 'Fish', NULL, 8, NULL, now()),
  ('30000000-0000-0000-0000-000000000009', 'Seafood', NULL, 9, NULL, now()),
  ('30000000-0000-0000-0000-00000000000a', 'Legume', NULL, 10, NULL, now());

-- ===============================
-- LABELS
-- ===============================
INSERT INTO labels (uuid, display_name, updated_at, deleted_at, server_updated_at) VALUES
  ('40000000-0000-0000-0000-000000000001', 'Vegan', 1, NULL, now()),
  ('40000000-0000-0000-0000-000000000002', 'Vegetarian', 2, NULL, now()),
  ('40000000-0000-0000-0000-000000000003', 'Gluten-Free', 3, NULL, now()),
  ('40000000-0000-0000-0000-000000000004', 'Dairy-Free', 4, NULL, now()),
  ('40000000-0000-0000-0000-000000000005', 'Nut-Free', 5, NULL, now()),
  ('40000000-0000-0000-0000-000000000006', 'High Protein', 6, NULL, now()),
  ('40000000-0000-0000-0000-000000000007', 'Low Carb', 7, NULL, now()),
  ('40000000-0000-0000-0000-000000000008', 'Paleo', 8, NULL, now()),
  ('40000000-0000-0000-0000-000000000009', 'Keto', 9, NULL, now()),
  ('40000000-0000-0000-0000-00000000000a', 'Contains Seafood', 10, NULL, now());

-- ===============================
-- TAGS
-- ===============================
INSERT INTO tags (uuid, display_name, updated_at, deleted_at, server_updated_at) VALUES
  ('50000000-0000-0000-0000-000000000001', 'Spicy', 1, NULL, now()),
  ('50000000-0000-0000-0000-000000000002', 'Sweet', 2, NULL, now()),
  ('50000000-0000-0000-0000-000000000003', 'Savory', 3, NULL, now()),
  ('50000000-0000-0000-0000-000000000004', 'Breakfast', 4, NULL, now()),
  ('50000000-0000-0000-0000-000000000005', 'Lunch', 5, NULL, now()),
  ('50000000-0000-0000-0000-000000000006', 'Dinner', 6, NULL, now()),
  ('50000000-0000-0000-0000-000000000007', 'Snack', 7, NULL, now()),
  ('50000000-0000-0000-0000-000000000008', 'Dessert', 8, NULL, now()),
  ('50000000-0000-0000-0000-000000000009', 'Holiday', 9, NULL, now()),
  ('50000000-0000-0000-0000-00000000000a', 'Quick', 10, NULL, now());

-- ===============================
-- INGREDIENTS
-- ===============================
INSERT INTO ingredients (uuid, display_name, allergen_id, source_primary_id, updated_at, deleted_at, server_updated_at) VALUES
  ('60000000-0000-0000-0000-000000000001','Flour','20000000-0000-0000-0000-000000000004','30000000-0000-0000-0000-000000000004',1,NULL,now()),
  ('60000000-0000-0000-0000-000000000002','Eggs','20000000-0000-0000-0000-000000000005','30000000-0000-0000-0000-000000000005',2,NULL,now()),
  ('60000000-0000-0000-0000-000000000003','Milk','20000000-0000-0000-0000-000000000003','30000000-0000-0000-0000-000000000005',3,NULL,now()),
  ('60000000-0000-0000-0000-000000000004','Chicken',NULL,'30000000-0000-0000-0000-000000000007',4,NULL,now()),
  ('60000000-0000-0000-0000-000000000005','Tomato',NULL,'30000000-0000-0000-0000-000000000002',5,NULL,now()),
  ('60000000-0000-0000-0000-000000000006','Spinach',NULL,'30000000-0000-0000-0000-000000000002',6,NULL,now()),
  ('60000000-0000-0000-0000-000000000007','Cheese','20000000-0000-0000-0000-000000000003','30000000-0000-0000-0000-000000000005',7,NULL,now()),
  ('60000000-0000-0000-0000-000000000008','Almond','20000000-0000-0000-0000-000000000008','30000000-0000-0000-0000-00000000000a',8,NULL,now()),
  ('60000000-0000-0000-0000-000000000009','Salmon','20000000-0000-0000-0000-000000000006','30000000-0000-0000-0000-000000000008',9,NULL,now()),
  ('60000000-0000-0000-0000-00000000000a','Rice',NULL,'30000000-0000-0000-0000-000000000004',10,NULL,now());

-- ===============================
-- RECIPES
-- ===============================
INSERT INTO recipes (uuid, title, description, image_url, image_url_thumbnail, prep_time_minutes, cook_time_minutes, servings, creator_id, recipe_external_url, privacy, updated_at, deleted_at, server_updated_at) VALUES
  ('70000000-0000-0000-0000-000000000001','Salmon Rice Bowl','Fresh salmon and rice.','https://example.com/rec1.png','https://example.com/rec1t.png',10,15,2,'10000000-0000-0000-0000-000000000001',NULL,'public',1,NULL,now()),
  ('70000000-0000-0000-0000-000000000002','Chicken Salad','Healthy chicken salad.','https://example.com/rec2.png','https://example.com/rec2t.png',10,20,1,'10000000-0000-0000-0000-000000000002',NULL,'public',2,NULL,now()),
  ('70000000-0000-0000-0000-000000000003','Tomato Soup','Tomato-based soup.','https://example.com/rec3.png','https://example.com/rec3t.png',10,30,4,'10000000-0000-0000-0000-000000000003',NULL,'public',3,NULL,now()),
  ('70000000-0000-0000-0000-000000000004','Vegan Stir Fry','Colorful veggie stir fry.','https://example.com/rec4.png','https://example.com/rec4t.png',15,10,3,'10000000-0000-0000-0000-000000000004',NULL,'public',4,NULL,now()),
  ('70000000-0000-0000-0000-000000000005','Cheese Omelette','Classic cheese omelette.','https://example.com/rec5.png','https://example.com/rec5t.png',5,5,1,'10000000-0000-0000-0000-000000000005',NULL,'private',5,NULL,now()),
  ('70000000-0000-0000-0000-000000000006','Nutty Snack','Snack with nuts.','https://example.com/rec6.png','https://example.com/rec6t.png',3,0,2,'10000000-0000-0000-0000-000000000006',NULL,'public',6,NULL,now()),
  ('70000000-0000-0000-0000-000000000007','Rice Pudding','Sweet rice pudding.','https://example.com/rec7.png','https://example.com/rec7t.png',10,25,3,'10000000-0000-0000-0000-000000000007',NULL,'public',7,NULL,now()),
  ('70000000-0000-0000-0000-000000000008','Almond Cookie','Cookies with almond.','https://example.com/rec8.png','https://example.com/rec8t.png',20,30,4,'10000000-0000-0000-0000-000000000008',NULL,'public',8,NULL,now()),
  ('70000000-0000-0000-0000-000000000009','Spinach Lasagna','Vegetarian lasagna.','https://example.com/rec9.png','https://example.com/rec9t.png',20,60,5,'10000000-0000-0000-0000-000000000009',NULL,'private',9,NULL,now()),
  ('70000000-0000-0000-0000-00000000000a','Egg Fried Rice','Classic egg and rice.','https://example.com/rec0.png','https://example.com/rec0t.png',10,15,2,'10000000-0000-0000-0000-00000000000a',NULL,'public',10,NULL,now());

-- ===============================
-- RECIPE_INGREDIENTS
-- ===============================
INSERT INTO recipe_ingredients (recipe_id, ingredient_id, quantity, unit, updated_at, deleted_at, server_updated_at) VALUES
  ('70000000-0000-0000-0000-000000000001','60000000-0000-0000-0000-000000000009',200,'g',1,NULL,now()),
  ('70000000-0000-0000-0000-000000000001','60000000-0000-0000-0000-00000000000a',150,'g',1,NULL,now()),
  ('70000000-0000-0000-0000-000000000002','60000000-0000-0000-0000-000000000004',100,'g',2,NULL,now()),
  ('70000000-0000-0000-0000-000000000002','60000000-0000-0000-0000-000000000005',50,'g',2,NULL,now()),
  ('70000000-0000-0000-0000-000000000003','60000000-0000-0000-0000-000000000005',100,'g',3,NULL,now()),
  ('70000000-0000-0000-0000-000000000003','60000000-0000-0000-0000-000000000006',50,'g',3,NULL,now()),
  ('70000000-0000-0000-0000-000000000004','60000000-0000-0000-0000-000000000005',60,'g',4,NULL,now()),
  ('70000000-0000-0000-0000-000000000004','60000000-0000-0000-0000-000000000006',80,'g',4,NULL,now()),
  ('70000000-0000-0000-0000-000000000005','60000000-0000-0000-0000-000000000002',2,'pcs',5,NULL,now()),
  ('70000000-0000-0000-0000-000000000005','60000000-0000-0000-0000-000000000007',20,'g',5,NULL,now());

-- ===============================
-- RECIPE_LABELS
-- ===============================
INSERT INTO recipe_labels (recipe_id, label_id, updated_at, deleted_at, server_updated_at) VALUES
  ('70000000-0000-0000-0000-000000000001','40000000-0000-0000-0000-000000000009',1,NULL,now()),
  ('70000000-0000-0000-0000-000000000002','40000000-0000-0000-0000-000000000006',2,NULL,now()),
  ('70000000-0000-0000-0000-000000000003','40000000-0000-0000-0000-000000000002',3,NULL,now()),
  ('70000000-0000-0000-0000-000000000004','40000000-0000-0000-0000-000000000001',4,NULL,now()),
  ('70000000-0000-0000-0000-000000000005','40000000-0000-0000-0000-000000000004',5,NULL,now()),
  ('70000000-0000-0000-0000-000000000006','40000000-0000-0000-0000-000000000005',6,NULL,now()),
  ('70000000-0000-0000-0000-000000000007','40000000-0000-0000-0000-000000000003',7,NULL,now()),
  ('70000000-0000-0000-0000-000000000008','40000000-0000-0000-0000-000000000005',8,NULL,now()),
  ('70000000-0000-0000-0000-000000000009','40000000-0000-0000-0000-000000000002',9,NULL,now()),
  ('70000000-0000-0000-0000-00000000000a','40000000-0000-0000-0000-000000000007',10,NULL,now());

-- ===============================
-- RECIPE_TAGS
-- ===============================
INSERT INTO recipe_tags (recipe_id, tag_id, updated_at, deleted_at, server_updated_at) VALUES
  ('70000000-0000-0000-0000-000000000001','50000000-0000-0000-0000-000000000005',1,NULL,now()),
  ('70000000-0000-0000-0000-000000000002','50000000-0000-0000-0000-000000000004',2,NULL,now()),
  ('70000000-0000-0000-0000-000000000003','50000000-0000-0000-0000-000000000001',3,NULL,now()),
  ('70000000-0000-0000-0000-000000000004','50000000-0000-0000-0000-000000000003',4,NULL,now()),
  ('70000000-0000-0000-0000-000000000005','50000000-0000-0000-0000-000000000006',5,NULL,now()),
  ('70000000-0000-0000-0000-000000000006','50000000-0000-0000-0000-000000000007',6,NULL,now()),
  ('70000000-0000-0000-0000-000000000007','50000000-0000-0000-0000-000000000008',7,NULL,now()),
  ('70000000-0000-0000-0000-000000000008','50000000-0000-0000-0000-000000000002',8,NULL,now()),
  ('70000000-0000-0000-0000-000000000009','50000000-0000-0000-0000-000000000009',9,NULL,now()),
  ('70000000-0000-0000-0000-00000000000a','50000000-0000-0000-0000-00000000000a',10,NULL,now());

-- ===============================
-- RECIPE_STEPS
-- ===============================
INSERT INTO recipe_steps (uuid, recipe_id, order_index, instruction, updated_at, deleted_at, server_updated_at) VALUES
  ('80000000-0000-0000-0000-000000000001','70000000-0000-0000-0000-000000000001',1,'Prepare salmon',1,NULL,now()),
  ('80000000-0000-0000-0000-000000000002','70000000-0000-0000-0000-000000000001',2,'Cook rice',1,NULL,now()),
  ('80000000-0000-0000-0000-000000000003','70000000-0000-0000-0000-000000000002',1,'Chop chicken',2,NULL,now()),
  ('80000000-0000-0000-0000-000000000004','70000000-0000-0000-0000-000000000003',1,'Boil tomatoes',3,NULL,now()),
  ('80000000-0000-0000-0000-000000000005','70000000-0000-0000-0000-000000000004',1,'Stir fry all veggies',4,NULL,now()),
  ('80000000-0000-0000-0000-000000000006','70000000-0000-0000-0000-000000000005',1,'Whisk eggs and cheese',5,NULL,now()),
  ('80000000-0000-0000-0000-000000000007','70000000-0000-0000-0000-000000000006',1,'Mix nuts with spices',6,NULL,now()),
  ('80000000-0000-0000-0000-000000000008','70000000-0000-0000-0000-000000000007',1,'Cook rice with milk',7,NULL,now()),
  ('80000000-0000-0000-0000-000000000009','70000000-0000-0000-0000-000000000008',1,'Prepare almond dough',8,NULL,now()),
  ('80000000-0000-0000-0000-00000000000a','70000000-0000-0000-0000-000000000009',1,'Layer spinach and cheese',9,NULL,now());

-- ===============================
-- REFRESH TOKENS
-- ===============================
INSERT INTO refresh_tokens (uuid, user_id, token_hash, is_revoked, revoked_at, expires_at, created_at) VALUES
  ('90000000-0000-0000-0000-000000000001', '10000000-0000-0000-0000-000000000001', 'tokhash1', FALSE, NULL, NOW() + INTERVAL '30 days', now()),
  ('90000000-0000-0000-0000-000000000002', '10000000-0000-0000-0000-000000000002', 'tokhash2', FALSE, NULL, NOW() + INTERVAL '30 days', now()),
  ('90000000-0000-0000-0000-000000000003', '10000000-0000-0000-0000-000000000003', 'tokhash3', FALSE, NULL, NOW() + INTERVAL '30 days', now()),
  ('90000000-0000-0000-0000-000000000004', '10000000-0000-0000-0000-000000000004', 'tokhash4', FALSE, NULL, NOW() + INTERVAL '30 days', now()),
  ('90000000-0000-0000-0000-000000000005', '10000000-0000-0000-0000-000000000005', 'tokhash5', FALSE, NULL, NOW() + INTERVAL '30 days', now()),
  ('90000000-0000-0000-0000-000000000006', '10000000-0000-0000-0000-000000000006', 'tokhash6', FALSE, NULL, NOW() + INTERVAL '30 days', now()),
  ('90000000-0000-0000-0000-000000000007', '10000000-0000-0000-0000-000000000007', 'tokhash7', FALSE, NULL, NOW() + INTERVAL '30 days', now()),
  ('90000000-0000-0000-0000-000000000008', '10000000-0000-0000-0000-000000000008', 'tokhash8', FALSE, NULL, NOW() + INTERVAL '30 days', now()),
  ('90000000-0000-0000-0000-000000000009', '10000000-0000-0000-0000-000000000009', 'tokhash9', FALSE, NULL, NOW() + INTERVAL '30 days', now()),
  ('90000000-0000-0000-0000-00000000000a', '10000000-0000-0000-0000-00000000000a', 'tokhash10', FALSE, NULL, NOW() + INTERVAL '30 days', now());

-- All sample data inserted.